start (UK),open,high,low,close
24 Aug 10:00,4638.135,4670.46,4632.895,4662.85
24 Aug 14:00,4662.83,4681.02,4640.135,4645.105
24 Aug 18:00,4645.095,4656.145,4625.225,4651.24
24 Aug 22:00,4655.495,4697.105,4655.205,4684.645
25 Aug 02:00,4684.615,4687.125,4617.28,4625.99
25 Aug 06:00,4626.03,4653.43,4620.09,4630.48
25 Aug 10:00,4630.46,4647.33,4624.29,4640.77
25 Aug 14:00,4640.76,4659.485,4605.29,4643.62
25 Aug 18:00,4643.625,4669.115,4634.305,4659.055
25 Aug 22:00,4661.445,4673.765,4634.505,4637.7
26 Aug 02:00,4637.705,4670.83,4629.615,4640.715
26 Aug 06:00,4640.765,4649.61,4622.36,4628.49
26 Aug 10:00,4628.6,4633.325,4610.97,4614.465
26 Aug 14:00,4614.52,4633.69,4583.065,4591.64
26 Aug 18:00,4591.685,4604.735,4584.19,4594.675
26 Aug 22:00,4603.39,4627.05,4600.735,4605.2
27 Aug 02:00,4605.25,4643.21,4602.46,4618.945
27 Aug 06:00,4618.985,4621.75,4593.705,4599.105
27 Aug 10:00,4599.105,4601.225,4569.29,4585.925
27 Aug 14:00,4585.985,4616.695,4564.27,4615.0
27 Aug 18:00,4615.12,4618.02,4600.115,4601.885
27 Aug 22:00,4601.95,4611.46,4585.845,4588.875
28 Aug 02:00,4588.92,4602.32,4575.055,4584.465
28 Aug 06:00,4584.495,4614.59,4571.66,4602.88
28 Aug 10:00,4602.84,4609.96,4589.13,4601.74
28 Aug 14:00,4601.82,4631.98,4464.415,4479.545
28 Aug 18:00,4479.53,4486.84,4445.455,4454.99
30 Aug 22:00,4445.72,4472.165,4435.825,4456.305
31 Aug 02:00,4456.31,4463.295,4396.525,4424.635
31 Aug 06:00,4424.615,4449.53,4419.37,4435.645
31 Aug 10:00,4435.69,4464.23,4435.44,4435.8
31 Aug 14:00,4435.81,4448.255,4415.75,4433.365
31 Aug 18:00,4433.36,4455.925,4426.3,4449.24
31 Aug 22:00,4454.255,4461.7,4441.85,4453.745
01 Sep 02:00,4453.81,4457.015,4425.555,4426.815
01 Sep 06:00,4426.82,4446.105,4369.365,4370.905
01 Sep 10:00,4370.84,4387.385,4352.015,4356.29
01 Sep 14:00,4356.3,4375.695,4326.27,4351.42
01 Sep 18:00,4351.47,4352.05,4322.745,4328.405
01 Sep 22:00,4331.385,4335.9,4314.63,4315.905
02 Sep 02:00,4315.815,4326.815,4282.625,4307.465
02 Sep 06:00,4307.415,4331.645,4303.72,4313.07
02 Sep 10:00,4313.045,4344.385,4301.745,4331.5
02 Sep 14:00,4331.525,4397.75,4330.85,4368.4
02 Sep 18:00,4368.405,4391.67,4364.735,4388.22
02 Sep 22:00,4391.29,4397.985,4381.25,4395.585
03 Sep 02:00,4395.645,4438.725,4387.365,4437.405
03 Sep 06:00,4437.4,4443.715,4417.575,4434.97
03 Sep 10:00,4435.025,4495.23,4419.09,4493.54
03 Sep 14:00,4493.535,4510.93,4456.925,4486.28
03 Sep 18:00,4486.36,4494.745,4470.55,4472.965
03 Sep 22:00,4476.075,4487.475,4471.515,4486.4
04 Sep 02:00,4486.51,4487.545,4465.49,4473.825
04 Sep 06:00,4473.785,4490.895,4460.155,4477.97
04 Sep 10:00,4477.95,4479.315,4376.18,4393.77
04 Sep 14:00,4393.735,4449.0,4365.57,4436.37
04 Sep 18:00,4436.335,4440.55,4411.97,4429.825
06 Sep 22:00,4422.495,4435.255,4410.1,4412.8
07 Sep 02:00,4412.78,4419.02,4389.585,4398.145
07 Sep 06:00,4398.165,4423.885,4385.33,4411.005
07 Sep 10:00,4411.055,4413.885,4381.24,4396.845
07 Sep 14:00,4396.745,4419.655,4395.47,4414.575
07 Sep 18:00,4414.57,4415.185,4403.13,4406.065
07 Sep 22:00,4412.87,4430.325,4406.295,4426.255
08 Sep 02:00,4426.24,4442.98,4417.19,4436.0
08 Sep 06:00,4435.985,4437.77,4388.01,4394.26
08 Sep 10:00,4394.19,4411.9,4385.475,4411.73
08 Sep 14:00,4411.735,4413.235,4380.655,4393.72
08 Sep 18:00,4393.76,4403.725,4345.06,4355.705
08 Sep 22:00,4357.66,4365.59,4341.255,4364.77
09 Sep 02:00,4364.795,4384.58,4354.22,4381.64
09 Sep 06:00,4381.73,4413.01,4380.38,4400.695
09 Sep 10:00,4400.765,4415.365,4386.335,4400.19
09 Sep 14:00,4400.18,4434.175,4375.155,4409.385
09 Sep 18:00,4409.5,4421.65,4393.59,4402.115
09 Sep 22:00,4405.28,4406.105,4389.735,4401.15
10 Sep 02:00,4401.05,4421.17,4400.185,4408.675
10 Sep 06:00,4408.725,4435.045,4392.58,4395.045
10 Sep 10:00,4395.015,4400.245,4324.17,4340.205
10 Sep 14:00,4340.2,4376.45,4339.33,4364.14
10 Sep 18:00,4364.24,4367.83,4313.85,4317.025
10 Sep 22:00,4322.94,4334.045,4311.345,4332.32
11 Sep 02:00,4332.31,4340.6,4300.795,4331.765
11 Sep 06:00,4331.755,4361.15,4328.32,4347.01
11 Sep 10:00,4347.055,4390.26,4292.11,4388.57
11 Sep 14:00,4388.555,4402.63,4352.045,4361.615
11 Sep 18:00,4361.61,4370.43,4342.745,4349.42
13 Sep 22:00,4338.68,4347.71,4328.405,4338.79
14 Sep 02:00,4338.73,4355.405,4322.17,4329.755
14 Sep 06:00,4329.76,4338.765,4303.45,4306.695
14 Sep 10:00,4306.69,4311.93,4266.005,4271.265
14 Sep 14:00,4271.27,4317.83,4253.635,4315.715
14 Sep 18:00,4315.755,4316.44,4282.425,4299.52
14 Sep 22:00,4299.31,4300.19,4283.37,4293.285
15 Sep 02:00,4293.23,4317.63,4287.915,4304.925
15 Sep 06:00,4304.975,4307.775,4261.375,4262.54
15 Sep 10:00,4262.535,4295.905,4261.735,4290.385
15 Sep 14:00,4290.375,4300.695,4273.985,4295.64
15 Sep 18:00,4295.705,4310.76,4290.44,4293.885
15 Sep 22:00,4295.39,4299.115,4275.67,4277.615
16 Sep 02:00,4277.63,4341.135,4276.86,4321.95
16 Sep 06:00,4321.9,4339.28,4320.79,4330.275
16 Sep 10:00,4330.355,4353.78,4327.465,4347.6
16 Sep 14:00,4347.41,4361.575,4324.25,4346.605
16 Sep 18:00,4346.59,4367.415,4235.165,4263.855
16 Sep 22:00,4260.09,4292.48,4257.6,4280.415
17 Sep 02:00,4280.42,4318.29,4274.135,4297.45
17 Sep 06:00,4297.415,4335.45,4285.6,4311.765
17 Sep 10:00,4311.77,4381.065,4305.15,4373.31
17 Sep 14:00,4373.345,4380.04,4351.365,4362.465
17 Sep 18:00,4362.47,4365.995,4340.655,4341.84
17 Sep 22:00,4343.19,4360.325,4339.715,4356.38
18 Sep 02:00,4356.375,4367.11,4334.295,4366.9
18 Sep 06:00,4366.98,4399.67,4360.27,4392.27
18 Sep 10:00,4392.355,4398.2,4353.865,4368.96
18 Sep 14:00,4368.975,4383.875,4342.725,4382.92
18 Sep 18:00,4383.015,4397.045,4374.94,4378.385
20 Sep 22:00,4379.935,4382.425,4358.405,4366.885
21 Sep 02:00,4366.9,4383.385,4355.28,4355.975
21 Sep 06:00,4355.955,4362.145,4342.04,4353.285
21 Sep 10:00,4353.255,4374.94,4340.1,4359.58
21 Sep 14:00,4359.565,4369.855,4322.81,4343.395
21 Sep 18:00,4343.43,4353.795,4337.55,4343.545
21 Sep 22:00,4348.155,4376.005,4346.695,4360.42
22 Sep 02:00,4360.49,4365.195,4335.075,4342.93
22 Sep 06:00,4342.88,4347.485,4291.495,4330.155
22 Sep 10:00,4330.13,4344.035,4308.985,4333.87
22 Sep 14:00,4333.865,4344.285,4315.015,4336.26
22 Sep 18:00,4336.265,4371.38,4334.675,4358.745
22 Sep 22:00,4363.61,4369.56,4355.255,4357.63
23 Sep 02:00,4357.58,4359.365,4333.32,4344.22
23 Sep 06:00,4344.14,4345.815,4315.51,4318.35
23 Sep 10:00,4318.36,4320.565,4294.62,4309.835
23 Sep 14:00,4309.98,4313.56,4277.65,4284.975
23 Sep 18:00,4285.07,4294.94,4274.745,4287.41
23 Sep 22:00,4293.19,4299.46,4284.115,4298.445
24 Sep 02:00,4298.505,4303.395,4273.815,4289.575
24 Sep 06:00,4289.58,4296.435,4260.75,4261.5
24 Sep 10:00,4261.505,4283.37,4244.27,4281.115
24 Sep 14:00,4281.175,4288.555,4244.815,4273.235
24 Sep 18:00,4273.085,4281.935,4256.395,4273.8
24 Sep 22:00,4274.82,4281.175,4264.315,4278.66
25 Sep 02:00,4278.69,4295.895,4262.76,4263.095
25 Sep 06:00,4263.08,4297.45,4256.355,4293.4
25 Sep 10:00,4293.395,4315.795,4289.61,4298.24
25 Sep 14:00,4298.25,4300.395,4254.58,4286.54
25 Sep 18:00,4286.615,4297.315,4279.555,4284.97
27 Sep 22:00,4272.435,4275.325,4227.23,4231.03
28 Sep 02:00,4231.04,4231.825,4191.47,4194.82
28 Sep 06:00,4194.865,4198.085,4142.685,4144.585
28 Sep 10:00,4144.535,4171.42,4140.775,4154.45
28 Sep 14:00,4154.47,4160.65,4110.87,4129.515
28 Sep 18:00,4129.43,4146.77,4111.52,4114.985
28 Sep 22:00,4121.355,4129.07,4114.44,4117.945
29 Sep 02:00,4117.86,4140.385,4113.485,4126.875
29 Sep 06:00,4126.845,4149.035,4122.165,4139.69
29 Sep 10:00,4139.68,4161.325,4139.12,4151.31
29 Sep 14:00,4151.32,4175.21,4144.445,4145.655
29 Sep 18:00,4145.665,4185.39,4142.335,4181.985
29 Sep 22:00,4183.63,4187.68,4176.65,4176.65
30 Sep 02:00,4176.6,4185.11,4167.335,4179.01
30 Sep 06:00,4179.035,4202.39,4165.69,4191.93
30 Sep 10:00,4192.03,4219.415,4176.455,4208.495
30 Sep 14:00,4208.545,4214.715,4151.3,4157.62
30 Sep 18:00,4157.615,4160.41,4147.415,4157.135
30 Sep 22:00,4159.92,4160.615,4139.265,4145.26
01 Oct 02:00,4145.28,4180.655,4145.12,4179.92
01 Oct 06:00,4179.955,4193.09,4149.175,4153.6
01 Oct 10:00,4153.56,4187.81,4150.285,4178.715
01 Oct 14:00,4178.75,4181.78,4150.175,4162.465
01 Oct 18:00,4162.395,4186.375,4161.62,4177.385
01 Oct 22:00,4175.965,4183.92,4152.935,4153.565
02 Oct 02:00,4153.51,4190.86,4133.715,4184.99
02 Oct 06:00,4185.015,4196.895,4177.485,4184.335
02 Oct 10:00,4184.46,4227.53,4166.015,4217.74
02 Oct 14:00,4217.875,4225.405,4125.275,4138.925
02 Oct 18:00,4138.935,4149.905,4130.18,4140.52
04 Oct 22:00,4141.605,4158.335,4138.545,4156.48
05 Oct 02:00,4156.43,4163.375,4124.75,4131.47
05 Oct 06:00,4131.46,4170.44,4130.4,4166.76
05 Oct 10:00,4166.81,4169.96,4151.065,4156.645
05 Oct 14:00,4156.59,4158.12,4123.355,4130.56
05 Oct 18:00,4130.605,4144.2,4125.665,4140.525
05 Oct 22:00,4143.54,4151.385,4133.17,4150.945
06 Oct 02:00,4150.96,4152.27,4103.515,4121.59
06 Oct 06:00,4121.585,4155.765,4113.44,4155.445
06 Oct 10:00,4155.36,4179.685,4148.87,4170.095
06 Oct 14:00,4170.135,4174.545,4143.585,4156.86
06 Oct 18:00,4156.915,4184.385,4156.55,4163.855
06 Oct 22:00,4166.64,4170.0,4155.55,4156.235
07 Oct 02:00,4156.165,4156.285,4134.93,4135.26
07 Oct 06:00,4135.31,4139.66,4122.665,4123.83
07 Oct 10:00,4123.8,4125.875,4066.535,4087.585
07 Oct 14:00,4087.405,4115.285,4082.42,4109.535
07 Oct 18:00,4109.575,4127.005,4100.3,4111.33
07 Oct 22:00,4112.77,4120.52,4103.445,4116.995
08 Oct 02:00,4117.01,4143.425,4116.125,4133.55
08 Oct 06:00,4133.555,4135.745,4114.44,4126.425
08 Oct 10:00,4126.475,4132.37,4109.97,4118.85
08 Oct 14:00,4118.85,4140.48,4105.5,4123.85
