start (UK),open,high,low,close
24 Aug 10:00,1876.739,1892.846,1873.763,1890.624
24 Aug 14:00,1890.674,1904.778,1876.709,1877.304
24 Aug 18:00,1877.354,1880.781,1868.972,1877.388
24 Aug 22:00,1878.241,1895.535,1877.646,1885.118
25 Aug 02:00,1885.217,1894.155,1845.781,1849.009
25 Aug 06:00,1848.661,1860.845,1842.284,1846.362
25 Aug 10:00,1846.262,1851.83,1833.931,1841.232
25 Aug 14:00,1840.785,1856.794,1825.892,1848.663
25 Aug 18:00,1848.812,1860.211,1845.338,1855.25
25 Aug 22:00,1857.544,1862.926,1849.126,1852.653
26 Aug 02:00,1852.704,1879.43,1848.682,1861.476
26 Aug 06:00,1861.624,1870.586,1855.978,1859.226
26 Aug 10:00,1859.276,1870.718,1852.007,1856.181
26 Aug 14:00,1856.38,1861.743,1828.951,1832.728
26 Aug 18:00,1832.778,1833.68,1824.514,1828.938
26 Aug 22:00,1831.727,1842.368,1831.727,1838.257
27 Aug 02:00,1838.306,1854.912,1833.54,1842.81
27 Aug 06:00,1842.86,1846.438,1818.856,1822.384
27 Aug 10:00,1822.434,1829.092,1813.675,1819.288
27 Aug 14:00,1819.338,1840.378,1810.555,1839.98
27 Aug 18:00,1840.03,1847.188,1833.588,1844.831
27 Aug 22:00,1846.131,1849.611,1836.024,1837.962
28 Aug 02:00,1838.012,1846.903,1828.98,1841.322
28 Aug 06:00,1841.372,1881.368,1833.98,1868.225
28 Aug 10:00,1868.324,1897.752,1868.324,1886.338
28 Aug 14:00,1886.684,1896.278,1834.565,1844.85
28 Aug 18:00,1844.9,1845.744,1817.214,1822.336
30 Aug 22:00,1814.795,1837.718,1812.808,1828.481
31 Aug 02:00,1828.58,1831.462,1795.325,1800.246
31 Aug 06:00,1800.197,1810.137,1796.7,1799.634
31 Aug 10:00,1799.584,1810.833,1790.672,1798.276
31 Aug 14:00,1798.375,1802.8,1772.664,1781.217
31 Aug 18:00,1781.266,1790.98,1776.014,1789.597
31 Aug 22:00,1787.22,1800.211,1784.052,1797.28
01 Sep 02:00,1797.231,1802.25,1782.936,1792.941
01 Sep 06:00,1792.99,1808.612,1756.802,1757.697
01 Sep 10:00,1757.846,1770.826,1750.152,1759.716
01 Sep 14:00,1759.666,1773.602,1747.248,1758.704
01 Sep 18:00,1758.804,1759.5,1736.022,1738.314
01 Sep 22:00,1741.056,1741.205,1724.632,1729.104
02 Sep 02:00,1729.055,1734.521,1711.87,1726.254
02 Sep 06:00,1726.204,1741.367,1720.024,1720.273
02 Sep 10:00,1720.322,1742.064,1707.368,1737.598
02 Sep 14:00,1737.647,1771.349,1736.007,1753.432
02 Sep 18:00,1753.53,1759.07,1749.014,1757.141
02 Sep 22:00,1756.95,1761.645,1753.89,1758.167
03 Sep 02:00,1758.216,1775.841,1750.464,1775.145
03 Sep 06:00,1775.096,1783.172,1762.873,1773.041
03 Sep 10:00,1773.09,1801.4,1754.119,1800.706
03 Sep 14:00,1800.655,1834.273,1783.864,1823.202
03 Sep 18:00,1823.102,1829.27,1815.528,1818.364
03 Sep 22:00,1819.764,1822.994,1813.274,1816.161
04 Sep 02:00,1816.211,1816.211,1797.448,1804.663
04 Sep 06:00,1804.713,1818.955,1799.054,1812.997
04 Sep 10:00,1813.096,1814.34,1774.707,1791.111
04 Sep 14:00,1791.061,1822.896,1782.264,1818.083
04 Sep 18:00,1818.132,1821.786,1807.405,1818.116
06 Sep 22:00,1814.048,1815.59,1802.135,1806.814
07 Sep 02:00,1806.764,1811.247,1792.526,1796.606
07 Sep 06:00,1796.556,1827.36,1795.462,1818.515
07 Sep 10:00,1818.564,1820.355,1803.818,1816.211
07 Sep 14:00,1816.26,1828.758,1809.5,1826.039
07 Sep 18:00,1826.089,1827.382,1824.956,1825.704
07 Sep 22:00,1829.81,1845.691,1825.196,1840.078
08 Sep 02:00,1840.128,1840.624,1820.552,1837.029
08 Sep 06:00,1837.078,1837.227,1815.871,1824.282
08 Sep 10:00,1824.233,1839.482,1817.996,1837.841
08 Sep 14:00,1837.792,1849.694,1823.676,1839.068
08 Sep 18:00,1839.018,1845.236,1809.656,1814.288
08 Sep 22:00,1817.479,1829.14,1811.518,1828.792
09 Sep 02:00,1828.742,1836.704,1820.538,1829.72
09 Sep 06:00,1829.77,1859.384,1828.628,1849.895
09 Sep 10:00,1849.944,1866.34,1837.421,1864.996
09 Sep 14:00,1865.046,1926.183,1864.948,1910.486
09 Sep 18:00,1910.585,1916.754,1889.478,1895.004
09 Sep 22:00,1894.515,1902.882,1877.232,1880.417
10 Sep 02:00,1880.367,1892.914,1875.2,1882.44
10 Sep 06:00,1882.39,1891.402,1862.68,1862.879
10 Sep 10:00,1862.829,1867.713,1795.767,1802.682
10 Sep 14:00,1802.733,1817.908,1785.407,1788.342
10 Sep 18:00,1788.442,1794.61,1773.299,1775.044
10 Sep 22:00,1774.655,1781.493,1767.946,1780.25
11 Sep 02:00,1780.2,1786.468,1762.009,1776.104
11 Sep 06:00,1776.154,1801.752,1775.06,1795.784
11 Sep 10:00,1795.884,1806.66,1767.708,1804.72
11 Sep 14:00,1804.67,1813.284,1782.216,1789.831
11 Sep 18:00,1789.881,1793.394,1784.968,1792.947
13 Sep 22:00,1782.95,1798.0,1777.741,1792.626
14 Sep 02:00,1792.726,1799.754,1779.691,1794.699
14 Sep 06:00,1794.75,1798.788,1765.126,1768.162
14 Sep 10:00,1768.112,1770.034,1746.024,1763.418
14 Sep 14:00,1763.468,1777.93,1743.576,1774.894
14 Sep 18:00,1774.944,1774.944,1751.781,1760.894
14 Sep 22:00,1761.699,1765.331,1743.059,1749.68
15 Sep 02:00,1749.63,1774.532,1746.596,1769.518
15 Sep 06:00,1769.468,1771.713,1736.152,1740.39
15 Sep 10:00,1740.439,1767.393,1739.398,1766.397
15 Sep 14:00,1766.447,1776.708,1754.867,1771.058
15 Sep 18:00,1771.108,1780.828,1766.53,1775.768
15 Sep 22:00,1775.578,1777.918,1769.029,1771.919
16 Sep 02:00,1771.72,1795.434,1764.61,1790.663
16 Sep 06:00,1790.614,1795.246,1768.995,1773.377
16 Sep 10:00,1773.427,1790.978,1771.736,1789.236
16 Sep 14:00,1789.136,1793.733,1778.342,1780.061
16 Sep 18:00,1780.011,1791.516,1731.007,1751.276
16 Sep 22:00,1750.986,1764.242,1750.29,1753.348
17 Sep 02:00,1753.398,1782.142,1753.3,1779.86
17 Sep 06:00,1779.91,1802.329,1764.015,1764.81
17 Sep 10:00,1764.86,1803.363,1764.164,1792.318
17 Sep 14:00,1792.269,1795.604,1777.503,1786.628
17 Sep 18:00,1786.676,1791.606,1767.346,1767.894
17 Sep 22:00,1769.645,1783.854,1766.914,1783.059
18 Sep 02:00,1783.108,1793.793,1777.802,1793.744
18 Sep 06:00,1793.793,1815.671,1789.816,1812.692
18 Sep 10:00,1812.742,1817.773,1783.948,1795.95
18 Sep 14:00,1796.0,1804.192,1781.823,1797.725
18 Sep 18:00,1797.774,1807.494,1795.558,1796.364
20 Sep 22:00,1800.052,1802.414,1791.456,1796.69
21 Sep 02:00,1796.641,1807.746,1789.985,1794.034
21 Sep 06:00,1793.984,1804.867,1785.986,1798.748
21 Sep 10:00,1798.698,1821.338,1788.255,1818.35
21 Sep 14:00,1818.5,1828.512,1792.488,1794.133
21 Sep 18:00,1794.232,1805.757,1790.303,1797.85
21 Sep 22:00,1800.349,1814.608,1799.705,1807.046
22 Sep 02:00,1807.196,1807.345,1781.824,1784.968
22 Sep 06:00,1785.068,1794.611,1764.33,1790.827
22 Sep 10:00,1790.778,1807.942,1775.659,1806.548
22 Sep 14:00,1806.498,1822.546,1802.472,1818.882
22 Sep 18:00,1818.782,1839.521,1814.554,1831.266
22 Sep 22:00,1829.98,1838.514,1829.584,1831.797
23 Sep 02:00,1831.847,1832.346,1806.813,1813.452
23 Sep 06:00,1813.403,1814.898,1786.782,1787.437
23 Sep 10:00,1787.388,1790.628,1762.465,1766.003
23 Sep 14:00,1766.053,1767.149,1737.388,1740.932
23 Sep 18:00,1741.132,1752.106,1735.857,1750.179
23 Sep 22:00,1746.949,1752.053,1740.642,1751.456
24 Sep 02:00,1751.406,1757.285,1736.821,1752.534
24 Sep 06:00,1752.833,1762.17,1736.472,1744.496
24 Sep 10:00,1744.447,1750.6,1728.868,1745.525
24 Sep 14:00,1745.474,1752.379,1724.372,1745.058
24 Sep 18:00,1745.108,1754.0,1736.748,1750.071
24 Sep 22:00,1751.674,1753.278,1746.113,1749.456
25 Sep 02:00,1749.506,1758.028,1741.766,1741.816
25 Sep 06:00,1741.518,1761.176,1736.985,1756.444
25 Sep 10:00,1756.394,1777.196,1754.954,1760.91
25 Sep 14:00,1761.01,1780.762,1734.864,1772.55
25 Sep 18:00,1772.6,1777.995,1767.324,1772.134
27 Sep 22:00,1761.318,1762.664,1737.424,1738.12
28 Sep 02:00,1738.072,1738.12,1720.112,1720.91
28 Sep 06:00,1720.961,1725.36,1707.622,1709.58
28 Sep 10:00,1709.53,1742.198,1707.288,1722.668
28 Sep 14:00,1722.618,1732.194,1701.304,1716.228
28 Sep 18:00,1716.18,1727.856,1708.578,1709.712
28 Sep 22:00,1713.218,1714.205,1704.175,1708.073
29 Sep 02:00,1707.432,1709.304,1684.163,1685.004
29 Sep 06:00,1685.054,1692.112,1672.201,1682.871
29 Sep 10:00,1682.822,1701.076,1677.536,1677.634
29 Sep 14:00,1677.585,1684.939,1670.2,1675.452
29 Sep 18:00,1675.403,1701.299,1673.186,1700.76
29 Sep 22:00,1697.468,1706.648,1697.468,1698.627
30 Sep 02:00,1698.824,1700.866,1692.778,1694.178
30 Sep 06:00,1694.13,1715.837,1688.514,1708.107
30 Sep 10:00,1707.812,1714.248,1694.784,1703.61
30 Sep 14:00,1703.56,1708.832,1687.618,1692.903
30 Sep 18:00,1692.657,1701.349,1688.823,1696.929
30 Sep 22:00,1695.361,1699.106,1683.656,1687.11
01 Oct 02:00,1687.158,1713.456,1687.11,1713.21
01 Oct 06:00,1713.259,1724.357,1685.207,1687.276
01 Oct 10:00,1687.228,1723.871,1684.576,1713.724
01 Oct 14:00,1713.674,1715.498,1688.562,1694.492
01 Oct 18:00,1694.54,1713.172,1693.26,1707.486
01 Oct 22:00,1705.87,1712.342,1701.703,1703.037
02 Oct 02:00,1702.988,1726.87,1693.828,1725.1
02 Oct 06:00,1725.15,1730.106,1716.595,1718.828
02 Oct 10:00,1718.876,1733.002,1699.374,1725.812
02 Oct 14:00,1725.91,1732.908,1665.122,1675.135
02 Oct 18:00,1675.184,1688.911,1668.388,1682.266
04 Oct 22:00,1686.288,1707.512,1686.288,1706.87
05 Oct 02:00,1706.772,1708.894,1694.58,1695.272
05 Oct 06:00,1695.37,1725.422,1694.878,1722.076
05 Oct 10:00,1722.126,1729.148,1711.837,1719.696
05 Oct 14:00,1719.646,1722.9,1696.95,1701.095
05 Oct 18:00,1701.046,1710.431,1696.118,1707.44
05 Oct 22:00,1705.23,1713.096,1698.438,1712.554
06 Oct 02:00,1712.603,1712.653,1689.986,1692.276
06 Oct 06:00,1692.226,1707.544,1684.249,1700.15
06 Oct 10:00,1700.2,1706.29,1684.75,1687.809
06 Oct 14:00,1687.71,1690.89,1666.82,1685.378
06 Oct 18:00,1685.428,1699.745,1682.522,1693.943
06 Oct 22:00,1693.508,1697.818,1688.257,1689.935
07 Oct 02:00,1689.984,1693.293,1675.472,1676.113
07 Oct 06:00,1676.064,1677.598,1641.186,1641.334
07 Oct 10:00,1641.383,1641.679,1594.024,1605.665
07 Oct 14:00,1605.616,1629.118,1597.682,1623.598
07 Oct 18:00,1623.549,1634.252,1613.068,1617.32
07 Oct 22:00,1619.006,1623.27,1610.396,1621.644
08 Oct 02:00,1621.496,1651.296,1621.446,1649.984
08 Oct 06:00,1649.936,1651.959,1632.009,1644.198
08 Oct 10:00,1644.298,1647.948,1624.456,1627.662
08 Oct 14:00,1627.612,1633.988,1611.215,1617.338
